incident_id,priority,opened_at,sla_target_hours,status,resolver,service,last_update_at
INC-B001,P2,2026-09-24T08:00:00Z,8,Open,Network,Connectivity,2026-09-27T10:00:00Z
INC-B002,P3,2026-09-18T10:00:00Z,24,Open,EUC,Endpoint,2026-09-26T14:00:00Z
INC-B003,P3,2026-09-27T09:00:00Z,24,Open,Apps,Finance App,2026-09-27T15:00:00Z
INC-B004,P4,2026-09-10T11:00:00Z,72,Pending,Supplier,Printing,2026-09-20T09:00:00Z
INC-B005,P2,2026-09-27T18:00:00Z,8,Open,Identity,Authentication,2026-09-27T20:00:00Z
INC-B006,P3,2026-09-22T07:30:00Z,24,Open,Network,WiFi,2026-09-25T08:00:00Z
INC-B007,P4,2026-09-26T12:00:00Z,72,Open,EUC,Accessory,2026-09-27T10:00:00Z
INC-B008,P3,2026-09-15T13:00:00Z,24,Pending,Apps,Reporting,2026-09-21T12:00:00Z
INC-B009,P2,2026-09-28T00:00:00Z,8,Open,Platform,Login,2026-09-28T00:30:00Z
INC-B010,P3,2026-09-27T18:30:00Z,24,Open,Service Desk,Software,2026-09-27T19:00:00Z
INC-B011,P4,2026-08-30T09:00:00Z,72,Open,Supplier,Telephony,2026-09-18T09:00:00Z
INC-B012,P3,2026-09-25T08:30:00Z,24,Open,EUC,Device Build,2026-09-27T13:00:00Z
